{
    "customlj": {
        "BALA BALA": {
            "sigma": 7.0,
            "eps": 2.0450191654034997
        },
        "BALA BILE": {
            "sigma": 7.0,
            "eps": 2.0450191654034997
        },
        "BALA BLEU": {
            "sigma": 7.0,
            "eps": 2.0450191654034997
        },
        "BALA BPRO": {
            "sigma": 7.0,
            "eps": 2.0450191654034997
        },
        "BALA BPHE": {
            "sigma": 7.0,
            "eps": 2.0450191654034997
        },
        "BALA BVAL": {
            "sigma": 7.0,
            "eps": 2.0450191654034997
        },
        "BALA LSLYS": {
            "sigma": 7.0,
            "eps": 2.0450191654034997
        },
        "BALA LSARG": {
            "sigma": 7.0,
            "eps": 2.0450191654034997
        },
        "BALA BTRP": {
            "sigma": 7.0,
            "eps": 2.0450191654034997
        },
        "BALA LSHIS": {
            "sigma": 7.0,
            "eps": 2.0450191654034997
        },
        "BILE BILE": {
            "sigma": 7.0,
            "eps": 2.0450191654034997
        },
        "BILE BLEU": {
            "sigma": 7.0,
            "eps": 2.0450191654034997
        },
        "BILE BPRO": {
            "sigma": 7.0,
            "eps": 2.0450191654034997
        },
        "BILE BPHE": {
            "sigma": 7.0,
            "eps": 2.0450191654034997
        },
        "BILE BVAL": {
            "sigma": 7.0,
            "eps": 2.0450191654034997
        },
        "BILE LSLYS": {
            "sigma": 7.0,
            "eps": 2.0450191654034997
        },
        "BILE LSARG": {
            "sigma": 7.0,
            "eps": 2.0450191654034997
        },
        "BILE BTRP": {
            "sigma": 7.0,
            "eps": 2.0450191654034997
        },
        "BILE LSHIS": {
            "sigma": 7.0,
            "eps": 2.0450191654034997
        },
        "BLEU BLEU": {
            "sigma": 7.0,
            "eps": 2.0450191654034997
        },
        "BLEU BPRO": {
            "sigma": 7.0,
            "eps": 2.0450191654034997
        },
        "BLEU BPHE": {
            "sigma": 7.0,
            "eps": 2.0450191654034997
        },
        "BLEU BVAL": {
            "sigma": 7.0,
            "eps": 2.0450191654034997
        },
        "BLEU LSLYS": {
            "sigma": 7.0,
            "eps": 2.0450191654034997
        },
        "BLEU LSARG": {
            "sigma": 7.0,
            "eps": 2.0450191654034997
        },
        "BLEU BTRP": {
            "sigma": 7.0,
            "eps": 2.0450191654034997
        },
        "BLEU LSHIS": {
            "sigma": 7.0,
            "eps": 2.0450191654034997
        },
        "BPHE BPHE": {
            "sigma": 7.0,
            "eps": 2.0450191654034997
        },
        "BPHE BPRO": {
            "sigma": 7.0,
            "eps": 2.0450191654034997
        },
        "BPHE BVAL": {
            "sigma": 7.0,
            "eps": 2.0450191654034997
        },
        "BPHE LSLYS": {
            "sigma": 7.0,
            "eps": 2.0450191654034997
        },
        "BPHE LSARG": {
            "sigma": 7.0,
            "eps": 2.0450191654034997
        },
        "BPHE BTRP": {
            "sigma": 7.0,
            "eps": 2.0450191654034997
        },
        "BPHE LSHIS": {
            "sigma": 7.0,
            "eps": 2.0450191654034997
        },
        "BPRO BPRO": {
            "sigma": 7.0,
            "eps": 2.0450191654034997
        },
        "BPRO BVAL": {
            "sigma": 7.0,
            "eps": 2.0450191654034997
        },
        "BPRO LSLYS": {
            "sigma": 7.0,
            "eps": 2.0450191654034997
        },
        "BPRO LSARG": {
            "sigma": 7.0,
            "eps": 2.0450191654034997
        },
        "BPRO BTRP": {
            "sigma": 7.0,
            "eps": 2.0450191654034997
        },
        "BPRO LSHIS": {
            "sigma": 7.0,
            "eps": 2.0450191654034997
        },
        "BTRP BTRP": {
            "sigma": 7.0,
            "eps": 2.0450191654034997
        },
        "BTRP BVAL": {
            "sigma": 7.0,
            "eps": 2.0450191654034997
        },
        "BTRP LSLYS": {
            "sigma": 7.0,
            "eps": 2.0450191654034997
        },
        "BTRP LSARG": {
            "sigma": 7.0,
            "eps": 2.0450191654034997
        },
        "BTRP LSHIS": {
            "sigma": 7.0,
            "eps": 2.0450191654034997
        },
        "BVAL BVAL": {
            "sigma": 7.0,
            "eps": 2.0450191654034997
        },
        "BVAL LSLYS": {
            "sigma": 7.0,
            "eps": 2.0450191654034997
        },
        "BVAL LSARG": {
            "sigma": 7.0,
            "eps": 2.0450191654034997
        },
        "BVAL LSHIS": {
            "sigma": 7.0,
            "eps": 2.0450191654034997
        },
        "LSLYS LSLYS": {
            "sigma": 7.0,
            "eps": 2.0450191654034997
        },
        "LSLYS LSARG": {
            "sigma": 7.0,
            "eps": 2.0450191654034997
        },
        "LSLYS LSHIS": {
            "sigma": 7.0,
            "eps": 2.0450191654034997
        },
        "LSARG LSARG": {
            "sigma": 7.0,
            "eps": 2.0450191654034997
        },
        "LSARG LSHIS": {
            "sigma": 7.0,
            "eps": 2.0450191654034997
        },
        "LSHIS LSHIS": {
            "sigma": 7.0,
            "eps": 2.0450191654034997
        }
    },
    "energy": {
        "nonbonded": {
            "ljsimple": {
                "eps": 0.012394055547899999
            },
            "coulomb": {
                "epsr": 78.7,
                "ionicstrength": 0.105
            }
        },
        "cmconstrain": {
            "protein protein": {
                "mindist": 0,
                "maxdist": 300
            }
        }
    },
    "atomlist": {
        "H3PO4": {
            "eps": 0.012394055547899999,
            "q": 0,
            "r": 2.0
        },
        "H2PO4": {
            "eps": 0.012394055547899999,
            "q": -1,
            "r": 2.0
        },
        "HPO4": {
            "eps": 0.012394055547899999,
            "q": -2,
            "r": 2.0
        },
        "PO4": {
            "eps": 0.012394055547899999,
            "q": -3,
            "r": 2.0
        },
        "BPTI": {
            "eps": 0.012394055547899999,
            "q": 7.3,
            "r": 12.29
        },
        "Na": {
            "eps": 0.012394055547899999,
            "q": 1,
            "r": 1.9,
            "mw": 22.99
        },
        "Cl": {
            "eps": 0.012394055547899999,
            "q": -1,
            "r": 1.7,
            "mw": 35.45
        },
        "I": {
            "eps": 0.012394055547899999,
            "q": -1,
            "r": 2.0,
            "mw": 1
        },
        "SCN": {
            "eps": 0.012394055547899999,
            "q": -1,
            "r": 2.0,
            "mw": 1
        },
        "ASP": {
            "eps": 0.012394055547899999,
            "q": -1,
            "r": 3.6,
            "mw": 110
        },
        "CTR": {
            "eps": 0.012394055547899999,
            "q": -1,
            "r": 2.0,
            "mw": 16
        },
        "GLU": {
            "eps": 0.012394055547899999,
            "q": -1,
            "r": 3.8,
            "mw": 122
        },
        "HIS": {
            "eps": 0.012394055547899999,
            "q": 0.5,
            "r": 3.9,
            "mw": 130
        },
        "SHIS": {
            "eps": 0.012394055547899999,
            "q": 0.5,
            "r": 3.9,
            "mw": 130
        },
        "LSHIS": {
            "eps": 0.012394055547899999,
            "q": 0,
            "r": 3.9,
            "mw": 130
        },
        "NTR": {
            "eps": 0.012394055547899999,
            "q": 1,
            "r": 2.0,
            "mw": 14
        },
        "TYR": {
            "eps": 0.012394055547899999,
            "q": 0,
            "r": 4.1,